﻿{
    "january": {
        "recordLow": -7,
        "recordHigh": 18,
        "average": 8.9,
		"color": "#00BFFF",
        "temperature": [
            { "day": 1, "t": 13.1 },
            { "day": 2, "t": 13.2 },
            { "day": 3, "t": 10.5 },
            { "day": 4, "t": 10.6 },
            { "day": 5, "t": 11.9 },
            { "day": 6, "t": 14.3 },
            { "day": 7, "t": 9.6 },
            { "day": 8, "t": 9.5 },
            { "day": 9, "t": 9.4 },
            { "day": 10, "t": 8.8 },
            { "day": 11, "t": 8.7 },
            { "day": 12, "t": 8.8 },
            { "day": 13, "t": 7.5 },
            { "day": 14, "t": 6.4 },
            { "day": 15, "t": 8.8 },
            { "day": 16, "t": 9.6 },
            { "day": 17, "t": 11.6 },
            { "day": 18, "t": 8.9 },
            { "day": 19, "t": 8.8 },
            { "day": 20, "t": 10.8 },
            { "day": 21, "t": 11.4 },
            { "day": 22, "t": 11.6 },
            { "day": 23, "t": 11.4 },
            { "day": 24, "t": 10.6 },
            { "day": 25, "t": 9.6 },
            { "day": 26, "t": 9.6 },
            { "day": 27, "t": 10.9 },
            { "day": 28, "t": 9.8 },
            { "day": 29, "t": 7.2 },
            { "day": 30, "t": 7.2 },
            { "day": 31, "t": 7.6 }
        ]
    },
    "february": {
        "recordLow": -2,
        "recordHigh": 23,
        "average": 9.9,
		"color": "#4682B4",
        "temperature": [
            { "day": 1, "t": 6.4 },
            { "day": 2, "t": 4.2 },
            { "day": 3, "t": 2.9 },
            { "day": 4, "t": 3.3 },
            { "day": 5, "t": 3 },
            { "day": 6, "t": 6 },
            { "day": 7, "t": 7.3 },
            { "day": 8, "t": 4.8 },
            { "day": 9, "t": 5.8},
            { "day": 10, "t": 7.7 },
            { "day": 11, "t": 6},
            { "day": 12, "t": 4.8 },
            { "day": 13, "t": 5.1 },
            { "day": 14, "t": 7.6 },
            { "day": 15, "t": 8.7 },
            { "day": 16, "t": 9.5 },
            { "day": 17, "t": 10.6 },
            { "day": 18, "t": 9 },
            { "day": 19, "t": 9.1 },
            { "day": 20, "t": 10.6 },
            { "day": 21, "t": 8.3 },
            { "day": 22, "t": 8.9 },
            { "day": 23, "t": 11.1 },
            { "day": 24, "t": 12 },
            { "day": 25, "t": 11.4 },
            { "day": 26, "t": 13.7 },
            { "day": 27, "t": 12.6 },
            { "day": 28, "t": 11.3 },
            { "day": 29, "t": 11.8 }
        ]
    },
    "march": {
        "recordLow": -1,
        "recordHigh": 25,
        "average": 11.3,
		"color": "#00CED1",
        "temperature": [
            { "day": 1, "t": "undefined" },
            { "day": 2, "t": 11.5 },
            { "day": 3, "t": 13.1 },
            { "day": 4, "t": 13.7 },
            { "day": 5, "t": 12.9 },
            { "day": 6, "t": 11.2 },
            { "day": 7, "t": 11 },
            { "day": 8, "t": 11.6 },
            { "day": 9, "t": 11.6 },
            { "day": 10, "t": 11.4 },
            { "day": 11, "t": 12.2 },
            { "day": 12, "t": 13.4 },
            { "day": 13, "t": 13.2 },
            { "day": 14, "t": 13.4 },
            { "day": 15, "t": 11.2 },
            { "day": 16, "t": 12.5 },
            { "day": 17, "t": 12.8 },
            { "day": 18, "t": 15.3 },
            { "day": 19, "t": 12.6 },
            { "day": 20, "t": 11.9 },
            { "day": 21, "t": 13.4 },
            { "day": 22, "t": 12.6 },
            { "day": 23, "t": 12.4 },
            { "day": 24, "t": 13.4 },
            { "day": 25, "t": 14.6 },
            { "day": 26, "t": 14.8 },
            { "day": 27, "t": 15.2 },
            { "day": 28, "t": 15.6 },
            { "day": 29, "t": 13.9 },
            { "day": 30, "t": 16.8 },
            { "day": 31, "t": 15.7 }
        ]
    },
    "april": {
        "recordLow": 1,
        "recordHigh": 23,
        "average": 13,
		"color": "#3CB371",
        "temperature": [
            { "day": 1, "t": 15.8 },
            { "day": 2, "t": 14.7 },
            { "day": 3, "t": 14.7 },
            { "day": 4, "t": 14.3 },
            { "day": 5, "t": 14.4 },
            { "day": 6, "t": 14.2 },
            { "day": 7, "t": 13.4 },
            { "day": 8, "t": 14.8 },
            { "day": 9, "t": 14.6 },
            { "day": 10, "t": 14.1 },
            { "day": 11, "t": 15.2 },
            { "day": 12, "t": 15.1 },
            { "day": 13, "t": 14.2 },
            { "day": 14, "t": 13.1 },
            { "day": 15, "t": 12.7 },
            { "day": 16, "t": 13.8 },
            { "day": 17, "t": 12.2 },
            { "day": 18, "t": 14.2 },
            { "day": 19, "t": 15.6 },
            { "day": 20, "t": 15.3 },
            { "day": 21, "t": 16.2 },
            { "day": 22, "t": 15.3 },
            { "day": 23, "t": 15.5 },
            { "day": 24, "t": 16.3 },
            { "day": 25, "t": 15.1 },
            { "day": 26, "t": 17.3 },
            { "day": 27, "t": 17.7 },
            { "day": 28, "t": 17.9 },
            { "day": 29, "t": 16 },
            { "day": 30, "t": 15.4 }
        ]
    },
    "may": {
        "recordLow": 5,
        "recordHigh": 26,
        "average": 16.2,
		"color": "#9ACD32",
        "temperature": [
            { "day": 1, "t": 14.8 },
            { "day": 2, "t": 15.4 },
            { "day": 3, "t": 15.5 },
            { "day": 4, "t": 16.6 },
            { "day": 5, "t": 17.4 },
            { "day": 6, "t": 16.7 },
            { "day": 7, "t": 16.6 },
            { "day": 8, "t": 18.2 },
            { "day": 9, "t": 18.3 },
            { "day": 10, "t": 19.4 },
            { "day": 11, "t": 20.7 },
            { "day": 12, "t": 21.1 },
            { "day": 13, "t": 20.1 },
            { "day": 14, "t": 19.5 },
            { "day": 15, "t": 19.6 },
            { "day": 16, "t": 17.6 },
            { "day": 17, "t": 17.2 },
            { "day": 18, "t": 18.1 },
            { "day": 19, "t": 18.2 },
            { "day": 20, "t": 17.4 },
            { "day": 21, "t": 16.5 },
            { "day": 22, "t": 19.7 },
            { "day": 23, "t": 19.9 },
            { "day": 24, "t": 19.6 },
            { "day": 25, "t": 20.9 },
            { "day": 26, "t": 19.8 },
            { "day": 27, "t": 20.5 },
            { "day": 28, "t": 22.5 },
            { "day": 29, "t": 22 },
            { "day": 30, "t": 22.3 },
            { "day": 31, "t": 22.6 }
        ]
    },
    "june": {
        "recordLow": 7,
        "recordHigh": 32,
        "average": 19.9,
		"color": "#BDB76B",
        "temperature": [
            { "day": 1, "t": 22.5 },
            { "day": 2, "t": 23.1 },
            { "day": 3, "t": 22.4 },
            { "day": 4, "t": 21.1 },
            { "day": 5, "t": 22.1 },
            { "day": 6, "t": 22.5 },
            { "day": 7, "t": 22.8 },
            { "day": 8, "t": 22.5 },
            { "day": 9, "t": 22 },
            { "day": 10, "t": 23.1 },
            { "day": 11, "t": 21.8 },
            { "day": 12, "t": 21.6 },
            { "day": 13, "t": 20.8 },
            { "day": 14, "t": 21.7 },
            { "day": 15, "t": 21.8 },
            { "day": 16, "t": 22.6 },
            { "day": 17, "t": 22.3 },
            { "day": 18, "t": 22.9 },
            { "day": 19, "t": 23.9 },
            { "day": 20, "t": 24.6 },
            { "day": 21, "t": 25.2 },
            { "day": 22, "t": 23.8 },
            { "day": 23, "t": 22.9 },
            { "day": 24, "t": 24.2 },
            { "day": 25, "t": 24.9 },
            { "day": 26, "t": 25.5 },
            { "day": 27, "t": 26.1 },
            { "day": 28, "t": 26.1 },
            { "day": 29, "t": 26 },
            { "day": 30, "t": 24.9 }
        ]
    },
    "july": {
        "recordLow": 12,
        "recordHigh": 33,
        "average": 23,
		"color": "#FFD700",
        "temperature": [
            { "day": 1, "t": 21.9 },
            { "day": 2, "t": 20.9 },
            { "day": 3, "t": 22.6 },
            { "day": 4, "t": 24 },
            { "day": 5, "t": 24.4 },
            { "day": 6, "t": 23.3 },
            { "day": 7, "t": 23.4 },
            { "day": 8, "t": 24.2 },
            { "day": 9, "t": 23.8 },
            { "day": 10, "t": 24.8 },
            { "day": 11, "t": 24.8 },
            { "day": 12, "t": 24.2 },
            { "day": 13, "t": 25.8 },
            { "day": 14, "t": 24.6 },
            { "day": 15, "t": 23.8 },
            { "day": 16, "t": 24.1 },
            { "day": 17, "t": 24.7 },
            { "day": 18, "t": 26.2 },
            { "day": 19, "t": 26.1 },
            { "day": 20, "t": 25.6 },
            { "day": 21, "t": 24.8 },
            { "day": 22, "t": 24.8 },
            { "day": 23, "t": 24.1 },
            { "day": 24, "t": 23.7 },
            { "day": 25, "t": 24.9 },
            { "day": 26, "t": 25.7 },
            { "day": 27, "t": 26.4 },
            { "day": 28, "t": 26.3 },
            { "day": 29, "t": 25.4 },
            { "day": 30, "t": 26.1 },
            { "day": 31, "t": 26.3 }
        ]
    },
    "august": {
        "recordLow": 12,
        "recordHigh": 33,
        "average": 23.6,
		"color": "#FF8C00",
        "temperature": [
            { "day": 1, "t": 26.7 },
            { "day": 2, "t": 26.6 },
            { "day": 3, "t": 26.3 },
            { "day": 4, "t": 26.2 },
            { "day": 5, "t": 25.8 },
            { "day": 6, "t": 24.8 },
            { "day": 7, "t": 24.6 },
            { "day": 8, "t": 25.3 },
            { "day": 9, "t": 26.3 },
            { "day": 10, "t": 26.8 },
            { "day": 11, "t": 26.7 },
            { "day": 12, "t": 26.1 },
            { "day": 13, "t": 26.2 },
            { "day": 14, "t": 26.8 },
            { "day": 15, "t": 27.4 },
            { "day": 16, "t": 27.5 },
            { "day": 17, "t": 26.5 },
            { "day": 18, "t": 26.7 },
            { "day": 19, "t": 27.6 },
            { "day": 20, "t": 29.1 },
            { "day": 21, "t": 28.2 },
            { "day": 22, "t": 28.4 },
            { "day": 23, "t": 28.8 },
            { "day": 24, "t": 27.7 },
            { "day": 25, "t": 28.2 },
            { "day": 26, "t": 26.5 },
            { "day": 27, "t": 26.8 },
            { "day": 28, "t": 27.9 },
            { "day": 29, "t": 26.9 },
            { "day": 30, "t": 24.8 },
            { "day": 31, "t": 23}
        ]
    },
    "september": {
        "recordLow": 7,
        "recordHigh": 32,
        "average": 21.1,
		"color": "#FF7F50",
        "temperature": [
            { "day": 1, "t": 22.3 },
            { "day": 2, "t": 21.6 },
            { "day": 3, "t": 22.8 },
            { "day": 4, "t": 24.5 },
            { "day": 5, "t": 24.9 },
            { "day": 6, "t": 25.4 },
            { "day": 7, "t": 25.1 },
            { "day": 8, "t": 24.7 },
            { "day": 9, "t": 25.6 },
            { "day": 10, "t": 25.4 },
            { "day": 11, "t": 24.9 },
            { "day": 12, "t": 25 },
            { "day": 13, "t": 23 },
            { "day": 14, "t": 22.1 },
            { "day": 15, "t": 22.8 },
            { "day": 16, "t": 23.5 },
            { "day": 17, "t": 24 },
            { "day": 18, "t": 23.7 },
            { "day": 19, "t": 22.7 },
            { "day": 20, "t": 22.3 },
            { "day": 21, "t": 22.7 },
            { "day": 22, "t": 22.8 },
            { "day": 23, "t": 24.2 },
            { "day": 24, "t": 25.5 },
            { "day": 25, "t": 23.3 },
            { "day": 26, "t": 20.6 },
            { "day": 27, "t": 18.2 },
            { "day": 28, "t": 20.8 },
            { "day": 29, "t": 19.7 },
            { "day": 30, "t": 19.2 }
        ]
    },
    "october": {
        "recordLow": 2,
        "recordHigh": 28,
        "average": 17,
		"color": "#F4A460",
        "temperature": [
            { "day": 1, "t": 19.8 },
            { "day": 2, "t": 18.7 },
            { "day": 3, "t": 20.1 },
            { "day": 4, "t": 21.6 },
            { "day": 5, "t": 21.4 },
            { "day": 6, "t": 20.7 },
            { "day": 7, "t": 22.1 },
            { "day": 8, "t": 22.2 },
            { "day": 9, "t": 23 },
            { "day": 10, "t": 22.8 },
            { "day": 11, "t": 22 },
            { "day": 12, "t": 19.1 },
            { "day": 13, "t": 18.5 },
            { "day": 14, "t": 19 },
            { "day": 15, "t": 17.1 },
            { "day": 16, "t": 16.6 },
            { "day": 17, "t": 19.4 },
            { "day": 18, "t": 22.1 },
            { "day": 19, "t": 22 },
            { "day": 20, "t": 22 },
            { "day": 21, "t": 20.1 },
            { "day": 22, "t": 18 },
            { "day": 23, "t": 18.6 },
            { "day": 24, "t": 18.7 },
            { "day": 25, "t": 18.4 },
            { "day": 26, "t": 18.1 },
            { "day": 27, "t": 17.6 },
            { "day": 28, "t": 12 },
            { "day": 29, "t": "undefined"},
            { "day": 30, "t": 11.3 },
            { "day": 31, "t": 14.6 }
        ]
    },
    "november": {
        "recordLow": -2,
        "recordHigh": 25,
        "average": 12.5,
		"color": "#8B4513",
        "temperature": [
            { "day": 1, "t": 15.3 },
            { "day": 2, "t": 17.2 },
            { "day": 3, "t": 16.5 },
            { "day": 4, "t": 16.9 },
            { "day": 5, "t": 15.7 },
            { "day": 6, "t": 13.3 },
            { "day": 7, "t": 11.8 },
            { "day": 8, "t": 13.1 },
            { "day": 9, "t": 14.7 },
            { "day": 10, "t": 15.8 },
            { "day": 11, "t": 13.6 },
            { "day": 12, "t": 12.7 },
            { "day": 13, "t": 14.1 },
            { "day": 14, "t": 18.3 },
            { "day": 15, "t": 15.6 },
            { "day": 16, "t": 15.2 },
            { "day": 17, "t": 16.1 },
            { "day": 18, "t": "undefined" },
            { "day": 19, "t": 15 },
            { "day": 20, "t": 13.2 },
            { "day": 21, "t": 14 },
            { "day": 22, "t": 14.1 },
            { "day": 23, "t": 13.1 },
            { "day": 24, "t": 14.2 },
            { "day": 25, "t": 14.1 },
            { "day": 26, "t": 15.4 },
            { "day": 27, "t": 11.1 },
            { "day": 28, "t": 11.1 },
            { "day": 29, "t": 11.8 },
            { "day": 30, "t": 7.6 }
        ]
    },
    "december": {
        "recordLow": -2,
        "recordHigh": 22,
        "average": 10,
		"color": "#778899",
        "temperature": [
            { "day": 1, "t": 6.3 },
            { "day": 2, "t": 7.1 },
            { "day": 3, "t": 10.8 },
            { "day": 4, "t": 12.7 },
            { "day": 5, "t": 11.1 },
            { "day": 6, "t": 9.4 },
            { "day": 7, "t": 9.9 },
            { "day": 8, "t": 11.2 },
            { "day": 9, "t": 8.1 },
            { "day": 10, "t": 7.7 },
            { "day": 11, "t": 8.4 },
            { "day": 12, "t": 8.6 },
            { "day": 13, "t": 10.9 },
            { "day": 14, "t": 12.8 },
            { "day": 15, "t": 16.8 },
            { "day": 16, "t": 15.6 },
            { "day": 17, "t": 14.8 },
            { "day": 18, "t": 11.2 },
            { "day": 19, "t": 11.3 },
            { "day": 20, "t": "undefined" },
            { "day": 21, "t": 13.9 },
            { "day": 22, "t": 11.8 },
            { "day": 23, "t": 12.4 },
            { "day": 24, "t": 11.8 },
            { "day": 25, "t": 12 },
            { "day": 26, "t": 12.4 },
            { "day": 27, "t": 11 },
            { "day": 28, "t": 11.7 },
            { "day": 29, "t": 10.8 },
            { "day": 30, "t": "undefined" },
            { "day": 31, "t": 8.8}
        ]
    }
}